User,UserID,Query,TweetID,Created_At,URL
ProfCalebMiller,856152895,Dodgers,1056295111229927425,2018-10-27 21:22:34,https://twitter.com/SportsNetLA/status/1056292617627951104
marissahhhill,2355649825,Dodgers,1056295088496828417,2018-10-27 21:22:28,https://twitter.com/dodgers/status/1056288506056560641
emmabaccellieri,456282494,Dodgers,1056295085132972033,2018-10-27 21:22:27,https://www.si.com/mlb/2018/10/26/dodgers-red-sox-bullpen-world-series-mlb-postseason-playoffs
AquiAhoraGT,966186712257921024,Dodgers,1056295068842254336,2018-10-27 21:22:24,http://aquiahora.com.gt/index.php/2018/10/27/los-dodgers-ganan-el-tercer-juego-18-innings-y-7-horas-con-20-minutos-a-los-medias-rojas-y-ponen-la-serie-2-a-1/
california92_,268878622,Dodgers,1056295049309368321,2018-10-27 21:22:19,https://twitter.com/dodgers/status/1056097127560994816
adamtsjohnston,57412320,Dodgers,1056295007613870087,2018-10-27 21:22:09,http://dlvr.it/QpjX7L
K1ngEarley,525777203,Dodgers,1056295005805932544,2018-10-27 21:22:09,https://twitter.com/Dodgers/status/1056034510041575425
BDIDDYAIMS,302139927,Dodgers,1056294988185780225,2018-10-27 21:22:04,https://twitter.com/losgarcia1183/status/1056294272926867456
wackydiva02,1252627422,Dodgers,1056294963141439488,2018-10-27 21:21:58,https://abc7.la/2SkeU4u
BillKoch25,1053466514,Dodgers,1056294917960425473,2018-10-27 21:21:48,https://twitter.com/Dodgers/status/1056288506056560641
immitateNews,423192296,Dodgers,1056294839661350918,2018-10-27 21:21:29,https://news.immitate.com/2018/10/27/world-series-red-soxs-eduardo-rodriguez-named-starting-pitcher-for-game-4-vs-dodgers/
vintagesurfarts,3508889958,Dodgers,1056294836922449921,2018-10-27 21:21:28,https://www.instagram.com/p/Bpc5H1HHAFY/?utm_source=ig_twitter_share&igshid=kv2ggd6vwiid
frankiemanes,37798443,Dodgers,1056294834783354880,2018-10-27 21:21:28,https://twitter.com/dodgers/status/1056288506056560641
JFleytaSports,250155515,Dodgers,1056294820321419264,2018-10-27 21:21:24,https://www.instagram.com/p/Bpc5HyCldho/?utm_source=ig_twitter_share&igshid=1fujl5a61muhf
joshrome15,2769426776,Dodgers,1056294816051421184,2018-10-27 21:21:23,https://twitter.com/RedSox/status/1056272343499034624
_claross,2352708402,Dodgers,1056294813090246656,2018-10-27 21:21:23,https://twitter.com/Dodgers/status/1056034510041575425
jaime_rojas_c,209615343,Dodgers,1056294804156547072,2018-10-27 21:21:20,http://youtu.be/vPQHeiNdqks?a
dasertine,61079268,Dodgers,1056294786657771520,2018-10-27 21:21:16,https://twitter.com/espn/status/989198174492471297
sarahrachel29,41746218,Dodgers,1056294762737631232,2018-10-27 21:21:11,https://twitter.com/Dodgers/status/1056288506056560641
WildBillBasebal,901503886036357121,Dodgers,1056294752407117825,2018-10-27 21:21:08,https://twitter.com/Dodgers/status/1056085475570544641
Chris_1791,312149882,Dodgers,1056294747810066432,2018-10-27 21:21:07,http://dlvr.it/QpjXD5
DailyMLBLineups,303077468,Dodgers,1056294721205587970,2018-10-27 21:21:01,http://bit.ly/jMu7Md
Kost_of_Living,536513215,Dodgers,1056294694928302080,2018-10-27 21:20:54,https://twitter.com/RedSox/status/1056272343499034624
bbdoolittle,63842843,Dodgers,1056294688594964480,2018-10-27 21:20:53,https://es.pn/2SmFqu1
OnCuba,541948134,Dodgers,1056294675089408002,2018-10-27 21:20:50,https://oncubanews.com/deportes/beisbol/hay-serie-mundial-los-dodgers-se-llevan-la-maraton/
jimmyanurak,373864432,Dodgers,1056294666784538624,2018-10-27 21:20:48,http://bbc.in/2OaSCPr
jess_t_626,2151939824,Dodgers,1056294657007661057,2018-10-27 21:20:45,https://twitter.com/dodgers/status/1056034510041575425
openomroep,108124138,Dodgers,1056294645322395648,2018-10-27 21:20:43,https://www.cbssports.com/mlb/news/red-sox-vs-dodgers-rich-hill-gets-the-starting-nod-for-world-series-game-4-after-all/
adamtsjohnston,57412320,Dodgers,1056294631221022720,2018-10-27 21:20:39,http://dlvr.it/QpjWxp
ajhaney32,339199236,Dodgers,1056294614930321408,2018-10-27 21:20:35,https://twitter.com/dodgers/status/1056285299695804416
SIASport,53387130,Dodgers,1056294604515901440,2018-10-27 21:20:33,https://m.sportsinteraction.com/baseball/mlb-betting-lines/boston-at-los-angeles-10-27-2018-2-1526074/
BastilleGlobal,895161191483547649,Dodgers,1056294571825491969,2018-10-27 21:20:25,https://goo.gl/TwmTYW
Boomskie,56195398,Dodgers,1056294533716033536,2018-10-27 21:20:16,http://bit.ly/2Jk3nhw
sportingnews,30690661,Dodgers,1056294528322281474,2018-10-27 21:20:15,http://bit.ly/2qgj94s
ProductiveOuts,295015467,Dodgers,1056294495094890496,2018-10-27 21:20:07,https://twitter.com/dodgers/status/1056288506056560641
JimiHendrixNCM,185040121,Dodgers,1056294394997936129,2018-10-27 21:19:43,https://open.spotify.com/track/0MZzKDZWHsOhJ3rvAi2Ejq?si=z4cg49sqR5aneEknEXEYvg
TheRealArcalde,767928223,Dodgers,1056294387313926144,2018-10-27 21:19:41,http://Dodgers.com/worldseries
gizelltorrero,4824984508,Dodgers,1056294384440815616,2018-10-27 21:19:40,https://twitter.com/hsdcandids/status/1056093446392418305
LilDickGrady,528885033,Dodgers,1056294379004944384,2018-10-27 21:19:39,https://twitter.com/barstoolsports/status/1056289795796844544
highkeynarry,1187621142,Dodgers,1056294373737070597,2018-10-27 21:19:38,https://trib.al/Ey42k76
jdodero63,37676337,Dodgers,1056294304610582528,2018-10-27 21:19:21,https://www.instagram.com/p/Bpc44WIH-mi/?utm_source=ig_twitter_share&igshid=n6cdpf0636va
nesoxochi,16096507,Dodgers,1056294286751281152,2018-10-27 21:19:17,http://www.laist.com/2018/10/23/where_to_watch_the_dodgers-red_sox_world_series_in_la.php
insuRestaurants,17107693,Dodgers,1056294271492313089,2018-10-27 21:19:13,https://twitter.com/dodgers/status/1056288506056560641
dromaan27,2405965716,Dodgers,1056294265226022913,2018-10-27 21:19:12,https://twitter.com/dodgers/status/1056288506056560641
akaGord,831633781857648641,Dodgers,1056294258330656768,2018-10-27 21:19:10,https://twitter.com/MLB/status/1056292990350778368
13OYSL,778855411,Dodgers,1056294226604879873,2018-10-27 21:19:03,http://dlvr.it/QpjWh5
DevanJYoung13,3345112159,Dodgers,1056294221861122048,2018-10-27 21:19:02,https://twitter.com/RedSox/status/1056272343499034624
pupochristian7,765576868623884288,Dodgers,1056294207940259840,2018-10-27 21:18:58,https://twitter.com/dodgers/status/1056097127560994816
MannieLpz,36240972,Dodgers,1056294199392419841,2018-10-27 21:18:56,https://twitter.com/sinow/status/1056292528641794048
chuyuwi,241619682,Dodgers,1056294192593412097,2018-10-27 21:18:55,https://www.cbssports.com/mlb/news/red-sox-dodgers-world-series-game-4-lineups-andrew-benintendi-in-jackie-bradley-jr-out-for-boston/
chuyuwi,241619682,Dodgers,1056294192593412097,2018-10-27 21:18:55,http://cbssportsapp.com
tomcsweeney20,3294410327,Dodgers,1056294175904292864,2018-10-27 21:18:51,https://twitter.com/dodgers/status/1056097127560994816
ByCharlieRicker,427017435,Dodgers,1056294129301372930,2018-10-27 21:18:40,https://twitter.com/DVNJr/status/1056008996946092032
mistercubby,242134913,Dodgers,1056294126151290881,2018-10-27 21:18:39,https://twitter.com/billplunkettocr/status/1056290415962255361
bryandeno,256706465,Dodgers,1056294121604894720,2018-10-27 21:18:38,https://www.cbssports.com/mlb/news/red-sox-dodgers-world-series-game-4-lineups-andrew-benintendi-in-jackie-bradley-jr-out-for-boston/
Chris_Broussard,42040091,Dodgers,1056294111232180224,2018-10-27 21:18:35,https://itunes.apple.com/us/podcast/the-odd-couple-with-chris-broussard-rob-parker/id1212071266?mt=2#episodeGuid=gid%3A%2F%2Fart19-episode-locator%2FV0%2Fs06eUCeHotw530csht92QKtjD5QnCFJObOBQezds5Zw
1LanceAnderson,5872012,Dodgers,1056294101480497152,2018-10-27 21:18:33,https://twitter.com/Dodgers/status/1056288506056560641
JesseMcDaid,365704205,Dodgers,1056294099811266561,2018-10-27 21:18:33,https://twitter.com/Dodgers/status/1056097127560994816
hor_hayyy,492834166,Dodgers,1056294094295785475,2018-10-27 21:18:31,https://twitter.com/mlb/status/1056292990350778368
Yoeliramirez,122710727,Dodgers,1056294050561712128,2018-10-27 21:18:21,https://www.eluniversal.com.mx/universal-deportes/beisbol/red-sox-vs-dodgers-el-historico-juego-3
4jkilla,48162417,Dodgers,1056294046698749958,2018-10-27 21:18:20,https://www.cbssports.com/mlb/news/red-sox-dodgers-world-series-game-4-lineups-andrew-benintendi-in-jackie-bradley-jr-out-for-boston/
4jkilla,48162417,Dodgers,1056294046698749958,2018-10-27 21:18:20,http://cbssportsapp.com
jomeara555,248052290,Dodgers,1056294018525601792,2018-10-27 21:18:13,https://twitter.com/Dodgers/status/1056288506056560641
jordangel23,204619563,Dodgers,1056293962606997504,2018-10-27 21:18:00,https://twitter.com/DaAnsahonSports/status/1056051191816187904
Keily98178525,972540521053900800,Dodgers,1056293957439774721,2018-10-27 21:17:59,https://metro.co.uk/2018/10/27/harry-styles-nails-halloween-as-he-dresses-up-as-elton-john-in-bedazzled-dodgers-uniform-8080329/
WillHornthal,4152412701,Dodgers,1056293951139921926,2018-10-27 21:17:57,https://twitter.com/Dodgers/status/1056097127560994816
caarlosga7,277158745,Dodgers,1056293949105684480,2018-10-27 21:17:57,https://twitter.com/dodgers/status/1056285299695804416
STMsilvertiger,145855541,Dodgers,1056293903995813888,2018-10-27 21:17:46,https://www.instagram.com/p/BpaJPkbgsxs/?utm_source=ig_twitter_share&igshid=1dhpwfs41k8xz
SBRSportsPicks,174346152,Dodgers,1056293862447161344,2018-10-27 21:17:36,https://www.sportsbookreview.com/betting-odds/mlb-baseball/boston-red-sox-vs-los-angeles-dodgers-3658328/matchup/
maxschwartztv,469885689,Dodgers,1056293837289676800,2018-10-27 21:17:30,https://twitter.com/sportsnetla/status/1056292617627951104?s=21
ubitiq,529183834,Dodgers,1056293816054046722,2018-10-27 21:17:25,https://www.chicagotribune.com/sports/baseball/ct-spt-dodgers-red-sox-world-series-max-muncy-20181027-story.html
jake_petro,351636371,Dodgers,1056293772777140224,2018-10-27 21:17:15,https://twitter.com/dodgers/status/1056097127560994816
EbayTechDealer,1052959534623395841,Dodgers,1056293752673837056,2018-10-27 21:17:10,https://twitter.com/ebaytechdealer/status/1055899015324295170?s=21
WillAlvarezA,3553093873,Dodgers,1056293742620106753,2018-10-27 21:17:07,https://www.facebook.com/100000318767273/posts/2236120643075206/
FlorOlanGarcia,2781484885,Dodgers,1056293735795875840,2018-10-27 21:17:06,http://dlvr.it/QpjWY8
ISportsForumI,784749298458107904,Dodgers,1056293731576426497,2018-10-27 21:17:05,http://dlvr.it/QpjWQh
wsoeorg,4099124174,Dodgers,1056293729689128961,2018-10-27 21:17:04,https://wsoe.org/red-sox-to-start-eduardo-rodriguez-in-game-4-against-dodgers/
Estrategia115,747905989102309376,Dodgers,1056293729126903808,2018-10-27 21:17:04,http://dlvr.it/QpjWNw
FrederickMelo,16099690,Dodgers,1056293716913201154,2018-10-27 21:17:01,https://www.npr.org/2018/10/26/661190546/as-world-series-shifts-to-city-of-the-angels-dodgers-may-need-divine-interventio
michaelpina09,2302181100,Dodgers,1056293705613664256,2018-10-27 21:16:59,https://twitter.com/RedSox/status/1056272343499034624
BrandieConforti,358761548,Dodgers,1056293702870548481,2018-10-27 21:16:58,https://twitter.com/Dodgers/status/1056097127560994816
highkeynarry,1187621142,Dodgers,1056293693194420225,2018-10-27 21:16:56,https://metro.co.uk/2018/10/27/harry-styles-nails-halloween-as-he-dresses-up-as-elton-john-in-bedazzled-dodgers-uniform-8080329/
RNBWCV,757180965735260161,Dodgers,1056293688584953856,2018-10-27 21:16:55,https://twitter.com/EliasSports/status/1056269480886747136
TimJone06682197,1007244596668256256,Dodgers,1056293685611192320,2018-10-27 21:16:54,https://twitter.com/SebGorka/status/1056260271407329280
willjohndevine,436973340,Dodgers,1056293683459448832,2018-10-27 21:16:53,https://twitter.com/barstoolsports/status/1056289795796844544
minnahk_,848261083341012992,Dodgers,1056293677801205760,2018-10-27 21:16:52,https://trib.al/Ey42k76
QuadratinDepor,946195496,Dodgers,1056293649464639488,2018-10-27 21:16:45,https://www.quadratin.com.mx/Deportes/victoria-de-dodgers-en-duelo-mas-largo-de-la-historia/
QuadratinDepor,946195496,Dodgers,1056293649464639488,2018-10-27 21:16:45,https://www.quadratin.com.mx/Deportes/victoria-de-dodgers-en-duelo-mas-largo-de-la-historia/
DarinSCampbell,30175166,Dodgers,1056293644464988160,2018-10-27 21:16:44,https://twitter.com/bnightengale/status/1056292630919704576
lrbarrit,21836946,Dodgers,1056293632553082880,2018-10-27 21:16:41,http://www.latimes.com/sports/dodgers/la-sp-world-series-plaschke-20181026-story.html
jennystaysgold,908413320,Dodgers,1056293592333922305,2018-10-27 21:16:32,https://twitter.com/dodgers/status/1056288506056560641
directornss,218576003,Dodgers,1056293590987489280,2018-10-27 21:16:31,https://atmlb.com/2AvOt5c
ThatGuy_Jesse10,326314186,Dodgers,1056293588173123584,2018-10-27 21:16:31,https://twitter.com/mlb/status/1056088017465618432
ryanfagan,54633228,Dodgers,1056293577699913728,2018-10-27 21:16:28,http://bit.ly/2qgj94s
gomezdr,49264922,Dodgers,1056293574877343744,2018-10-27 21:16:27,https://twitter.com/mlbnetwork/status/1056206637348806656
thisisloso,79545779,Dodgers,1056293566815715328,2018-10-27 21:16:25,https://twitter.com/Dodgers/status/1056288506056560641
radiercn_C11,875482671488618496,Dodgers,1056293553826074624,2018-10-27 21:16:22,https://www.eluniversal.com.mx/universal-deportes/beisbol/los-angeles-azules-animan-los-juegos-de-los-dodgers-en-la-serie-mundial
2018SBChamps,3436354041,Dodgers,1056293542509797376,2018-10-27 21:16:20,https://twitter.com/dodgers/status/1056097127560994816
RobertMSainz,2665819611,Dodgers,1056293504379506689,2018-10-27 21:16:11,https://twitter.com/dodgers/status/1056086322027216896
mambrose97,600576391,Dodgers,1056293500256366592,2018-10-27 21:16:10,https://twitter.com/dodgers/status/1056097127560994816
Smittyd77,1627987590,Dodgers,1056293496489951232,2018-10-27 21:16:09,https://weei.radio.com/blogs/ryan-hannable/dodgers-troll-red-sox-twitter-after-game-3-damage-done
FootySuperTips,1426169094,Dodgers,1056293459554783232,2018-10-27 21:16:00,https://www.freesupertips.co.uk/us-sports/previews/los-angeles-dodgers-vs-boston-red-sox-picks-predictions-and-betting-tips-2/
avianacollinz,764215407066484736,Dodgers,1056293438478442497,2018-10-27 21:15:55,https://metro.co.uk/2018/10/27/harry-styles-nails-halloween-as-he-dresses-up-as-elton-john-in-bedazzled-dodgers-uniform-8080329/
70spinksoul,2442830821,Dodgers,1056293437337673729,2018-10-27 21:15:55,https://metro.co.uk/2018/10/27/harry-styles-nails-halloween-as-he-dresses-up-as-elton-john-in-bedazzled-dodgers-uniform-8080329/
SlitSplitter,188595067,Dodgers,1056293421135093761,2018-10-27 21:15:51,https://twitter.com/Elex_Michaelson/status/1055982588056133632
TalkinToU,37725640,Dodgers,1056293399492354048,2018-10-27 21:15:46,http://Dodgers.com/worldseries
WBALDash,226346039,Dodgers,1056293379330445313,2018-10-27 21:15:41,https://twitter.com/dodgers/status/1056288506056560641
MichaelH136,1036397550,Dodgers,1056293372057419776,2018-10-27 21:15:39,https://twitter.com/daylinepg/status/1056248674731286528
ErbigToys,129566491,Dodgers,1056293371600232448,2018-10-27 21:15:39,https://www.instagram.com/p/Bpc4dXlHEhm/?utm_source=ig_twitter_share&igshid=3qgnathzzlkx
theacehs,68265395,Dodgers,1056293365711597568,2018-10-27 21:15:38,https://metro.co.uk/2018/10/27/harry-styles-nails-halloween-as-he-dresses-up-as-elton-john-in-bedazzled-dodgers-uniform-8080329/
Mattfro_,1170135444,Dodgers,1056293363496951808,2018-10-27 21:15:37,https://twitter.com/Dodgers/status/1056097127560994816
WESH,16028382,Dodgers,1056293311852486657,2018-10-27 21:15:25,http://bit.ly/2OWp8tW
xJose7Juarezx,3139527548,Dodgers,1056293306454310918,2018-10-27 21:15:23,https://twitter.com/dodgers/status/1056247564985688064
OliviaMaynard14,1038943130412822529,Dodgers,1056293288716787713,2018-10-27 21:15:19,https://www.google.com/amp/s/amp.mlb.com/299766446-red-sox-dodgers-game-4-lineups-and-bullpens.amp.html
buzzbaker,36747734,Dodgers,1056293284484706304,2018-10-27 21:15:18,https://twitter.com/MLB/status/1055927868444864512
bryanjoiner,20944031,Dodgers,1056293262074544129,2018-10-27 21:15:13,https://www.overthemonster.com/2018/10/27/18032130/red-sox-at-dodgers-world-series-game-4-lineup-wake-up-the-bats-let-eovaldi-sleep-benintendi-nice?utm_campaign=bryanjoiner&utm_content=chorus&utm_medium=social&utm_source=twitter
bboygraphix,17831059,Dodgers,1056293261814439936,2018-10-27 21:15:13,https://www.instagram.com/p/Bpc4PjmBlLYVXOZNjXfLMb1k0nOa_8dFKckmZ40/?utm_source=ig_twitter_share&igshid=gufnkui0n7cl
Region8News,16830830,Dodgers,1056293235692396544,2018-10-27 21:15:07,https://buff.ly/2CIvOV3
4Ev3rblue,3014913897,Dodgers,1056293229983817728,2018-10-27 21:15:05,https://twitter.com/Dodgers/status/1056288506056560641
hjbriggsy,179103282,Dodgers,1056293229958754311,2018-10-27 21:15:05,https://www.instagram.com/p/Bpc4Zg5BA3J/?utm_source=ig_twitter_share&igshid=1oi169zv0gu91
SportsRadio_740,790963434351394816,Dodgers,1056293227286786048,2018-10-27 21:15:05,http://dlvr.it/QpjW9q
KOKKOZAMBRANO,154734888,Dodgers,1056293208672649217,2018-10-27 21:15:00,https://twitter.com/losdodgers/status/1056217927664484352
CLIVE182,87667270,Dodgers,1056293191249362945,2018-10-27 21:14:56,https://thesco.re/2z8JyVT
Audeezy_,431128468,Dodgers,1056293168658833409,2018-10-27 21:14:51,https://twitter.com/Dodgers/status/1056288506056560641
brownsappho,138883234,Dodgers,1056293101705277446,2018-10-27 21:14:35,https://trib.al/Ey42k76
ToBeSafeNSound,43987148,Dodgers,1056293008075718656,2018-10-27 21:14:12,http://Chron.com
ToBeSafeNSound,43987148,Dodgers,1056293008075718656,2018-10-27 21:14:12,https://apple.news/AoIMzsE-WQaudva0lPgRpdQ
Mattinho08,2221699351,Dodgers,1056292998500270081,2018-10-27 21:14:10,https://twitter.com/dodgers/status/1056097127560994816
KRMGtulsa,18205191,Dodgers,1056292973976174594,2018-10-27 21:14:04,http://bit.ly/2D7aWb1
debwebs75,934609958922084352,Dodgers,1056292954371956737,2018-10-27 21:13:59,https://trib.al/Ey42k76
FeministHazza,2989177377,Dodgers,1056292934780362752,2018-10-27 21:13:55,https://metro.co.uk/2018/10/27/harry-styles-nails-halloween-as-he-dresses-up-as-elton-john-in-bedazzled-dodgers-uniform-8080329/
mcjonz,189638484,Dodgers,1056292928870526979,2018-10-27 21:13:53,https://twitter.com/dodgers/status/1056285299695804416
mariaprince0911,720298520389881864,Dodgers,1056292893302829056,2018-10-27 21:13:45,http://Dodgers.com/worldseries
exsttacy,739704466643898369,Dodgers,1056292865616138240,2018-10-27 21:13:38,https://twitter.com/RedSox/status/1056272343499034624
MikedupRadiocom,167547518,Dodgers,1056292835903729665,2018-10-27 21:13:31,https://twitter.com/Dodgers/status/1056288506056560641
Nessliveinrome,473723709,Dodgers,1056292811551715328,2018-10-27 21:13:25,https://twitter.com/Dodgers/status/1056097127560994816
TalkNats2,3433301056,Dodgers,1056292811480412160,2018-10-27 21:13:25,http://www.talknats.com/2018/10/27/alex-cora-chose-pitch-yasiel-puig-instead-austin-barnes/
VelgaraYma,808180086,Dodgers,1056292804970799104,2018-10-27 21:13:24,http://Dodgers.com/worldseries
VelgaraYma,808180086,Dodgers,1056292796280143872,2018-10-27 21:13:22,https://twitter.com/RedSox/status/1056272343499034624
ThisMan_Jake,393029685,Dodgers,1056292745520664576,2018-10-27 21:13:10,https://twitter.com/RedSox/status/1056272343499034624
myneckmyback,16632778,Dodgers,1056292730425483266,2018-10-27 21:13:06,http://instagram.com/p/Bpae7VABioB
bdnews24,19827010,Ball Park,1056295254104535040,2018-10-27 21:23:08,http://dlvr.it/QpjXXv
YoungJPromos562,164926226,Ball Park,1056293473941245952,2018-10-27 21:16:03,https://twitter.com/fanaticsview/status/1056090085446291457
newscomauHQ,15250661,Ball Park,1056292252069154817,2018-10-27 21:11:12,https://www.news.com.au/sport/football/epl/helicopter-owned-by-leicester-citys-billionaire-vichai-srivaddhanaprabha-crashes-after-leaving-stadium/news-story/bf8f1aed20cfe28c377b00dac9f4b67e
Northern_Soul_,1381685072,Ball Park,1056291035003916289,2018-10-27 21:06:22,https://www.northernsoul.me.uk/review-the-monster-halloween-ball-sefton-park-palm-house-liverpool/
BleedCASports,1069675202,Ball Park,1056286225990963200,2018-10-27 20:47:15,https://twitter.com/dodgers/status/1056285299695804416
MusselburghAth,28095779,Ball Park,1056281825478406145,2018-10-27 20:29:46,https://www.facebook.com/269096126442396/posts/2127004663984857/
UziDaGreat,820751636448550912,Ball Park,1056280802651267073,2018-10-27 20:25:42,https://twitter.com/ronnie2k/status/1056207479887998976
DavidWooding,47921172,Ball Park,1056278139356278784,2018-10-27 20:15:07,https://www.thesun.co.uk/sport/football/7599458/leicester-owners-helicopter-crashes/
JohnKraken3,989105729578684416,Ball Park,1056277566686982148,2018-10-27 20:12:51,https://www.thesun.co.uk/sport/football/7599458/leicester-owners-helicopter-crashes/
JoanneChurcher,577189548,Ball Park,1056276973373349888,2018-10-27 20:10:29,https://www.thesun.co.uk/sport/football/7599458/leicester-owners-helicopter-crashes/
tobybrooke,16645819,Ball Park,1056268554050379776,2018-10-27 19:37:02,https://www.instagram.com/p/BpctLeHhddN/?utm_source=ig_twitter_share&igshid=1xuv8xkrzqwqc
SeanFinucane,130256630,Ball Park,1056267714086518784,2018-10-27 19:33:42,https://www.democratandchronicle.com/story/sports/columnist/roth/2018/10/26/wiffle-ball-field-backyard-best-stadium-fenway-park-green-monster-diy-red-sox-yankees-penfield-ny/1697816002/
lillybrandon3,2572291779,Ball Park,1056258544624779264,2018-10-27 18:57:16,https://www.instagram.com/p/Bpcob3pBgib/?utm_source=ig_twitter_share&igshid=12cfgkeu1oktc
ColemanTigers,743301266499985409,Ball Park,1056253859537018880,2018-10-27 18:38:39,https://www.instagram.com/p/BpcmftylSrp/?utm_source=ig_twitter_share&igshid=144ke34syz3jv
dj061899,2515820201,Ball Park,1056251351565504512,2018-10-27 18:28:41,https://twitter.com/jeremytache/status/1056060743039238146
timo_235,325810289,Ball Park,1056248613880389634,2018-10-27 18:17:48,https://twitter.com/ballislife/status/1055114321968197632
deborahskyrim,2853542034,Ball Park,1056248059674456064,2018-10-27 18:15:36,https://www.independent.co.uk/news/world/americas/california-wine-radioactive-fukushima-caesium-137-study-a8461191.html
tlancto,56904882,Ball Park,1056236547941548039,2018-10-27 17:29:51,https://www.democratandchronicle.com/story/sports/columnist/roth/2018/10/26/wiffle-ball-field-backyard-best-stadium-fenway-park-green-monster-diy-red-sox-yankees-penfield-ny/1697816002/
s_pizz10,362813682,Ball Park,1056234797045960704,2018-10-27 17:22:54,https://www.instagram.com/p/Bpcd0YUHQZn/?utm_source=ig_twitter_share&igshid=61wfrohnkvhg
Odad48859944,1045724613500706817,Ball Park,1056232210360164352,2018-10-27 17:12:37,https://www.youtube.com/watch?v=hLQl3WQQoQ0
Shehroz_Siddiqi,4223620047,Ball Park,1056230933777600512,2018-10-27 17:07:33,https://heavy.com/news/2018/10/robert-bowers/
stargazette,14836971,Ball Park,1056228676059070464,2018-10-27 16:58:34,http://dlvr.it/Qphj4B
chicopote107,3225429621,Ball Park,1056227688304775170,2018-10-27 16:54:39,http://youtu.be/Rg9q19oTdxM?a
bdnews24,19827010,Ball Park,1056225368645033986,2018-10-27 16:45:26,http://twib.in/l/qjkjrxbny9kB
whynotmomdotcom,51206993,Ball Park,1056220761281703936,2018-10-27 16:27:07,https://twitter.com/plutoniumsox/status/1056109241109495808
DrewryNitpicker,121482651,Ball Park,1056219323012968449,2018-10-27 16:21:24,https://www.facebook.com/1539541036/posts/10217945762505891/
neonjewelry,86619938,Ball Park,1056215170790260737,2018-10-27 16:04:54,https://twitter.com/bogotabandit/status/1054581959484194817
Zelle,708041982187155456,Ball Park,1056213960297533441,2018-10-27 16:00:06,https://bddy.me/2z6LvlI
PUMISO,104080802,Ball Park,1056209748134162434,2018-10-27 15:43:22,https://ebay.us/8FGQGH
PUMISO,104080802,Ball Park,1056209637391896576,2018-10-27 15:42:55,https://ebay.us/8FGQGH
GMOFreeUSA,636629677,Ball Park,1056207419787919364,2018-10-27 15:34:06,https://www.alternet.org/environment/tyson-foods-linked-largest-toxic-dead-zone-us-history
toplay4ever,16514787,Ball Park,1056189662815969280,2018-10-27 14:23:33,https://www.instagram.com/p/BpcJTMmjCeR/?utm_source=ig_twitter_share&igshid=58mvikm69yw
cimbalyn,2476863534,Ball Park,1056186967983964160,2018-10-27 14:12:50,https://www.zazzle.com/z/1hhkj?rf=238772426360107321
cimbalyn,2476863534,Ball Park,1056186709996531712,2018-10-27 14:11:49,https://www.zazzle.com/z/1hhk2?rf=238772426360107321
cimbalyn,2476863534,Ball Park,1056184295889428482,2018-10-27 14:02:13,https://www.zazzle.com/z/1hhjb?rf=238772426360107321
cimbalyn,2476863534,Ball Park,1056178114349285376,2018-10-27 13:37:39,https://www.zazzle.com/z/1hhwa?rf=238772426360107321
genshimrealtor,933439273021333504,Ball Park,1056177810707005440,2018-10-27 13:36:27,https://www.instagram.com/p/BpcD6lEhwYI/?utm_source=ig_twitter_share&igshid=ju46hdcmsjzc
kevriveraa,889446085269356545,Ball Park,1056176748969234432,2018-10-27 13:32:14,https://twitter.com/jeremytache/status/1056060743039238146
SJParksAdvocate,2280221509,Ball Park,1056171822432030720,2018-10-27 13:12:39,https://sanfrancisco.cbslocal.com/video/category/spoken-word-kpixtv/3958646-growing-homeless-camp-near-ballpark-worries-sj-park-rangers/?fbclid=IwAR3YDpL5xyHbfaSeX1XEYZrGYLDeAC-xaUcV3qgS3ECUtEB9JCXvoEQmSEk
cimbalyn,2476863534,Ball Park,1056170390437847041,2018-10-27 13:06:58,https://www.zazzle.com/z/1hh2a?rf=238772426360107321
Ball_Park_Boy,804938650286854144,Ball Park,1056154123354034176,2018-10-27 12:02:20,http://team-18.net/baseball/otani-22-homeruns/
Giftbearer,26707002,Ball Park,1056145336782200833,2018-10-27 11:27:25,http://youtu.be/HBRUH7iKttI?a
coys100,328624294,Ball Park,1056133964430225408,2018-10-27 10:42:13,http://150m.So
coys100,328624294,Ball Park,1056133964430225408,2018-10-27 10:42:13,https://twitter.com/charlesrich82/status/1056110910937448448
WicketNepal,1359037578,Ball Park,1056122984434491393,2018-10-27 09:58:35,https://bit.ly/2yx0tBZ
Ball_Park_Boy,804938650286854144,Ball Park,1056121807067987969,2018-10-27 09:53:55,https://youtu.be/sevvlkBgDTg
MigginsMsport,715969621610856448,Ball Park,1056119973326807040,2018-10-27 09:46:38,https://twitter.com/Brands_Hatch/status/1056119830921797632
Ball_Park_Boy,804938650286854144,Ball Park,1056111874373087232,2018-10-27 09:14:27,https://full-count.jp/2018/10/27/post236598/
GlobalWaspsNews,763734262625558533,Ball Park,1056107267932782594,2018-10-27 08:56:08,https://twitter.com/ChavalEscoces/status/1056105844083974144
growmadsteven,333464446,Ball Park,1056088252220891136,2018-10-27 07:40:35,https://ift.tt/2SnUQy4
tjohnburton4,3245434014,Ball Park,1056087396058460160,2018-10-27 07:37:11,https://twitter.com/edwardegrosfox4/status/1056086501254144001
Ukusaaus,4909517806,Ball Park,1056071651467628544,2018-10-27 06:34:37,https://twitter.com/realcandaceo/status/1055911863626752001
jpetrino57,784413017752670208,Ball Park,1056065696558395392,2018-10-27 06:10:57,https://twitter.com/dloesch/status/1056030395102388224
baseball_uni,132977363,Ball Park,1056062971913424896,2018-10-27 06:00:07,https://www.ball-park.jp/p.html#a05
kome_1995,3322252656,Ball Park,1056062337059192838,2018-10-27 05:57:36,https://www.ball-park.jp/c-white.html#a16
MattThompson87,44565153,Ball Park,1056062114966704128,2018-10-27 05:56:43,https://twitter.com/jdubs88/status/1056061769624510464
SickestNTheGame,1606944133,Ball Park,1056048470178570245,2018-10-27 05:02:30,https://youtu.be/QTJl4FDGtos
paulgoldberger,54972010,Ball Park,1056025237991632898,2018-10-27 03:30:11,https://www.sporttechie.com/world-series-celebration-of-ballpark-architect-janet-marie-smith/
han_uh92,270540993,Ball Park,1056018411665440768,2018-10-27 03:03:03,https://www.instagram.com/p/Bpa7HHMBe3i/?utm_source=ig_twitter_share&igshid=1hs5eftwzbbx5
Reggies_Urban_J,4288340625,Ball Park,1056017704476438528,2018-10-27 03:00:15,http://youtu.be/HBRUH7iKttI?a
PHXRisingFC,2386299422,Ball Park,1056015506400993282,2018-10-27 02:51:31,http://es.pn/2Au5fSf
Maskulinski,571324160,Ball Park,1056014003238064129,2018-10-27 02:45:32,https://twitter.com/Maskulinski/status/1056013406703104000
xTrueBlues23x,754769584360521728,Ball Park,1056013633044537344,2018-10-27 02:44:04,https://twitter.com/geesicee/status/1055803336006533121
nancyrhuewho,391674852,Ball Park,1056010535165222913,2018-10-27 02:31:45,https://www.instagram.com/p/Bpa32ZQn26kgxTKBS81p414sOdxzsym-vuiPkE0/?utm_source=ig_twitter_share&igshid=arbg2sbgz14f
han_uh92,270540993,Ball Park,1056010526235471873,2018-10-27 02:31:43,https://www.instagram.com/p/Bpa3sBjhgkv/?utm_source=ig_twitter_share&igshid=18z0a36g1wz2a
robtor15,163952202,Ball Park,1056010223666647040,2018-10-27 02:30:31,https://twitter.com/jaylclendenin/status/1056009418993618944
Maskulinski,571324160,Ball Park,1056008617927827456,2018-10-27 02:24:08,https://twitter.com/Maskulinski/status/1056007911481241600
GreggOlson30,60112031,Ball Park,1056006124724457474,2018-10-27 02:14:14,https://twitter.com/Gjaxs_/status/1056005459453374464
RZimms,2455824056,Ball Park,1055999615240167424,2018-10-27 01:48:22,https://twitter.com/TeaPainUSA/status/1055926400954318848
bunny_wheeler,355578590,Ball Park,1055998206226714626,2018-10-27 01:42:46,https://twitter.com/FiveRights/status/1055955367744692224
bunny_wheeler,355578590,Ball Park,1055997936461582337,2018-10-27 01:41:42,https://twitter.com/AD_WHITMAN/status/1055905101154607107
bunny_wheeler,355578590,Ball Park,1055997233005580288,2018-10-27 01:38:54,https://twitter.com/TrumpsDC/status/1055994383147782144
han_uh92,270540993,Ball Park,1055995776650936320,2018-10-27 01:33:07,https://www.instagram.com/p/BpaxGt5hyiO/?utm_source=ig_twitter_share&igshid=th32arjjyl73
bunny_wheeler,355578590,Ball Park,1055995468122112002,2018-10-27 01:31:53,https://twitter.com/LeahR77/status/1055899392958435328
itsdanibrown,1664865230,Ball Park,1055995453869776897,2018-10-27 01:31:50,http://instagram.com/dcb.photo
bunny_wheeler,355578590,Ball Park,1055995151192072192,2018-10-27 01:30:38,https://twitter.com/TrumpsDC/status/1055994383147782144
drop_outs,576869726,Ball Park,1055992711604461568,2018-10-27 01:20:56,https://www.ball-park.jp/c-white.html#a16
Ttipton245,386351943,Ball Park,1055989198111629313,2018-10-27 01:06:58,https://twitter.com/stephenreece73/status/1055984851847909382
birthdayblur,1007775199222099968,Ball Park,1055981691196461056,2018-10-27 00:37:09,http://archiveofourown.org/works/15277437
birthdayblur,1007775199222099968,Ball Park,1055981691196461056,2018-10-27 00:37:09,http://open.spotify.com/album/3W93QQ0j8poUcMM6LJu9bR?si=Rc8funDlQYir6pkMmxNB2A
birthdayblur,1007775199222099968,Ball Park,1055981689590038528,2018-10-27 00:37:08,http://archiveofourown.org/works/14855189
birthdayblur,1007775199222099968,Ball Park,1055981689590038528,2018-10-27 00:37:08,http://open.spotify.com/artist/1ououJVWgWsHWMYDLvT7sH?si=jbN9laBgQjCvW5xfY-UlJg
MadnessMultiple,1972451413,Ball Park,1055980407404019713,2018-10-27 00:32:02,http://ita2018.com
Dallasneedslung,150091920,Ball Park,1055977048974462976,2018-10-27 00:18:42,https://twitter.com/SheilaKremer1/status/1055976134742040576
ToddJClausen,40927935,Ball Park,1055975529545981953,2018-10-27 00:12:39,https://bit.ly/2PVXmKv
Palolis_R,15250896,Ball Park,1055975156953333760,2018-10-27 00:11:11,https://www.swarmapp.com/c/lBBB9gt2N4v
therealdjkilo,51641696,Ball Park,1055971151560740865,2018-10-26 23:55:16,https://www.instagram.com/p/Bpal79QHzcm/?utm_source=ig_twitter_share&igshid=1gog25cbij9r5
MartaOrtga,2818012309,Ball Park,1055966235459010561,2018-10-26 23:35:44,https://twitter.com/Soccerex/status/1055030213644574721
mynameisnotheyu,17477367,Ball Park,1055963673997402112,2018-10-26 23:25:33,https://youtu.be/BAF3mZPeZCQ
baseball_uni,132977363,Ball Park,1055962306385977345,2018-10-26 23:20:07,https://www.ball-park.jp/c-white.html#a16
LizDKelly,856176799,Ball Park,1055948714248941568,2018-10-26 22:26:06,https://www.instagram.com/p/BpabvCKAgcL/?utm_source=ig_twitter_share&igshid=1goywq9rjzvif
LenLaCara,15730402,Ball Park,1055946144612782083,2018-10-26 22:15:54,https://www.democratandchronicle.com/story/sports/columnist/roth/2018/10/26/wiffle-ball-field-backyard-best-stadium-fenway-park-green-monster-diy-red-sox-yankees-penfield-ny/1697816002/
1061KISSFMDFW,32466494,Ball Park,1055945940857733122,2018-10-26 22:15:05,http://ihe.art/KJUisGZ
Verbatim411,1561313418,Ball Park,1055943073207848961,2018-10-26 22:03:41,https://twitter.com/thehill/status/1055934850392178688
Lynn78201623,2974235014,Ball Park,1055941520883310592,2018-10-26 21:57:31,https://twitter.com/CurtisHouck/status/1055935289741492224
SMCCSuns,203069286,Ball Park,1055941220483190784,2018-10-26 21:56:20,https://www.instagram.com/p/BpaYUtzBYsG/?utm_source=ig_twitter_share&igshid=1dadjmi2xwsz9
gummsharden,2181767287,Ball Park,1055939218822717440,2018-10-26 21:48:22,https://goo.gl/HMXWHC
SportingEditor,1131542882,Ball Park,1055935533757550592,2018-10-26 21:33:44,https://twitter.com/MLB/status/1055924294524567552
musingstiredmum,829029033346207745,Ball Park,1055932591390552064,2018-10-26 21:22:02,http://shannonsdays.com/index.php/2018/10/23/world-series-bound-and-ball-park-bucket-list/
BH_RaceResults,47777905,Ball Park,1055926029582241793,2018-10-26 20:55:58,http://bit.ly/2Ob0GzT
JonKaronLaw,807301198462275584,Ball Park,1055905239797260288,2018-10-26 19:33:21,http://www.karonlaw.net/blog?id=581
HeartofMLB,902373077140504577,Ball Park,1055894226163118082,2018-10-26 18:49:35,https://goo.gl/HMXWHC
Griller_Park,882291183573139459,Ball Park,1055893494353551360,2018-10-26 18:46:41,https://twitter.com/McJesse/status/1055702207876628480
NRA_TacoBowl_MS,3248832505,Ball Park,1055892577520676866,2018-10-26 18:43:02,https://twitter.com/CillizzaCNN/status/1055457184052625408
mryannagy,1161173598,Ball Park,1055889767991255040,2018-10-26 18:31:52,https://www.democratandchronicle.com/story/sports/columnist/roth/2018/10/26/wiffle-ball-field-backyard-best-stadium-fenway-park-green-monster-diy-red-sox-yankees-penfield-ny/1697816002/
nycgov,250884927,Ball Park,1055886276660989954,2018-10-26 18:18:00,https://on.nyc.gov/2PczfKu
leoroth,44183146,Ball Park,1055886241005297665,2018-10-26 18:17:51,https://www.democratandchronicle.com/story/sports/columnist/roth/2018/10/26/wiffle-ball-field-backyard-best-stadium-fenway-park-green-monster-diy-red-sox-yankees-penfield-ny/1697816002/
jbsf_uk,3259280419,Ball Park,1055878878877626368,2018-10-26 17:48:36,https://www.instagram.com/p/BpZ7-PxAL4v/?utm_source=ig_twitter_share&igshid=1s0s6sdrngmd
PScott717,274093451,Ball Park,1055873878269014016,2018-10-26 17:28:44,https://twitter.com/funder/status/1055853384945860608
IntelligencerWV,58495096,Ball Park,1055868684181426176,2018-10-26 17:08:06,http://www.theintelligencer.net/sports/top-sports/2018/10/patriots-fall-to-hawks-7-1/
CalvesForDays,1905211806,Ball Park,1055856603856076800,2018-10-26 16:20:05,https://twitter.com/SBNation/status/1055838493413441536
KZiggles,20008628,Ball Park,1055849256542646272,2018-10-26 15:50:54,https://www.instagram.com/p/BpZuf0BA1sL/?utm_source=ig_twitter_share&igshid=32o8kmm92cew
imchantellylace,29830220,Ball Park,1055846237654712320,2018-10-26 15:38:54,https://www.facebook.com/story.php?story_fbid=1969709093097587&id=100001755463003
TallmadgeOhio,112828328,Ball Park,1055844035955433472,2018-10-26 15:30:09,https://www.facebook.com/TallmadgeOhio/posts/1022842287902288
curtishare76,1594399237,Ball Park,1055843428909502464,2018-10-26 15:27:44,https://twitter.com/nielsontsn1260/status/1055841990804430848
HYPECincinnati,26244957,Ball Park,1055842339036561408,2018-10-26 15:23:24,http://ow.ly/gdxk30mo4l2
D0LFAN72,1626086191,Ball Park,1055834757311946758,2018-10-26 14:53:17,https://www.democratandchronicle.com/story/sports/columnist/roth/2018/10/26/wiffle-ball-field-backyard-best-stadium-fenway-park-green-monster-diy-red-sox-yankees-penfield-ny/1697816002/
SBradleyDC,44185900,Ball Park,1055833560643440640,2018-10-26 14:48:31,https://bit.ly/2AtryY8
BillConsler,812730923246620672,Ball Park,1055831445854478336,2018-10-26 14:40:07,https://www.democratandchronicle.com/story/sports/columnist/roth/2018/10/26/wiffle-ball-field-backyard-best-stadium-fenway-park-green-monster-diy-red-sox-yankees-penfield-ny/1697816002/
samnarotsky,1561674103,Ball Park,1055831273980289025,2018-10-26 14:39:26,http://bit.ly/2RaL2Gg
wingate_toyama,138978230,Ball Park,1055829775439167488,2018-10-26 14:33:29,https://jp.techcrunch.com/2015/12/05/20151204motus-wearable-sensors-bring-biomechanics-out-of-the-lab-and-into-the-ball-park/
SBradleyDC,44185900,Ball Park,1055822396555452416,2018-10-26 14:04:10,https://bit.ly/2AtryY8
